{"val_loss": [19.44416817906064, 19.24719397656858, 19.15169051771062, 19.05898940062608, 19.00691061053836], "val_crf_viterbi_accuracy": [0.8718360168229643, 0.8770968902577709, 0.8994035993606595, 0.923055460656665, 0.9364576434325493], "loss": [23.624600368498548, 23.068387709300932, 22.88000481337752, 22.74422255042385, 22.640574275635963], "crf_viterbi_accuracy": [0.8176186802304972, 0.8316392532893848, 0.8678828162760552, 0.9076739852471456, 0.9340649890763807]}