{"val_loss": [19.450267784960328, 19.238963959989174, 19.14184586195759, 19.071436036948207, 19.028531703745344], "val_crf_viterbi_accuracy": [0.8718360168229643, 0.8833577587086959, 0.9038911945879248, 0.921312460610875, 0.932115781392067], "loss": [23.718934472432124, 23.08200386726015, 22.873042329122235, 22.745233270102343, 22.657231163321963], "crf_viterbi_accuracy": [0.6742727013281834, 0.8351754716167951, 0.8762817336396728, 0.908664938051816, 0.9305122122994025]}