{"val_loss": [19.486740811439596, 19.264560673669564, 19.1390089544113, 19.04206233991847, 18.991686237918948, 18.96878823657053, 18.951788164457817, 18.943990040843598, 18.938635461610406, 18.933863990756542], "val_crf_viterbi_accuracy": [0.8718360168229643, 0.886517527010093, 0.9106771063550088, 0.932827341895935, 0.9459030216274736, 0.9493976659197825, 0.9529537039295211, 0.95521464789041, 0.9536907451432795, 0.9570700184730448], "loss": [23.731165118819742, 23.12549692016872, 22.90565435053918, 22.748538134104844, 22.645505280236573, 22.597959278731, 22.569448555598875, 22.54965609181867, 22.53695417273154, 22.52553095490014], "crf_viterbi_accuracy": [0.7413444870368858, 0.8328619061787319, 0.8700599168138664, 0.9142060835137327, 0.9388783385233624, 0.9498513360195576, 0.9570472449130294, 0.9621814154265387, 0.9644796277345378, 0.9675591225184833]}