{"val_loss": [19.35733290974356, 19.200759950142313, 19.112396612201298, 19.032277550476724, 18.984356808916953, 18.96135744522475, 18.94999891803782, 18.944117377067375, 18.938710001609504, 18.934161250701578], "val_crf_viterbi_accuracy": [0.8724273869999787, 0.8918289485775279, 0.9093533228724877, 0.9351383251227517, 0.9457797500586594, 0.9497137039581652, 0.952196288702751, 0.95150685785504, 0.9530691839197777, 0.9520852833880225], "loss": [23.60405655305723, 22.991637934835396, 22.8356951991, 22.7054742159214, 22.621573930301405, 22.578043696472033, 22.553456685934766, 22.536767387812784, 22.524624756598406, 22.51481553307437], "crf_viterbi_accuracy": [0.7246694554253144, 0.8457437340275099, 0.8828299311415686, 0.9220169064137482, 0.9439761878267501, 0.9540112868031583, 0.9589257881436857, 0.9633399682846504, 0.9663012899640014, 0.9685423374364708]}