{"val_loss": [19.46848706282755, 19.25161632388512, 19.164912052086663, 19.086319705515145, 19.03093537028574, 19.002380426753035, 18.98658613971968, 18.971861546743806, 18.962434425218248, 18.961946711421437], "val_crf_viterbi_accuracy": [0.8725408457776406, 0.8873949640162051, 0.8986685734626662, 0.9210764448413645, 0.9378412302278539, 0.9416312272438375, 0.9435357318229947, 0.9461826355431852, 0.9465758492513908, 0.9478243045535376], "loss": [23.771783228575636, 23.07942833497427, 22.88779312042014, 22.75913859394843, 22.66468807774731, 22.610758040290197, 22.577230574247693, 22.55389093590447, 22.53778826250763, 22.52518955036295], "crf_viterbi_accuracy": [0.686738393415413, 0.8414151617604443, 0.8749925449099032, 0.9066693214873567, 0.9323381101756807, 0.9468518869150059, 0.9531493872055037, 0.9582258435924358, 0.9613956302055342, 0.9641608206597111]}