{"val_loss": [19.378546192807235, 19.20580509090763, 19.084549546156914, 19.0212138016453, 18.97826714566594, 18.954290133438924, 18.94579413471697, 18.94567620491218, 18.942646420298946, 18.943236203719714], "val_crf_viterbi_accuracy": [0.8714309455661163, 0.8906129662676638, 0.9160020172808094, 0.9346799293446796, 0.9458620239831375, 0.9510234914640515, 0.95264497384482, 0.9516377994174211, 0.9513746492379076, 0.9505423344327038], "loss": [23.640391701495734, 23.023138211097248, 22.827615346060256, 22.67957936679687, 22.60304196252971, 22.560615493059537, 22.53746385263393, 22.522570947862643, 22.5119732877581, 22.503301994828494], "crf_viterbi_accuracy": [0.6865056620845315, 0.8416960934137536, 0.883524020909131, 0.9242695565275015, 0.9454331760657064, 0.9556736597987662, 0.9611062486928714, 0.9653015367854204, 0.9677938278735004, 0.970268205265789]}